txn_id,timestamp,user_id,type,amount,recipient_id,device_id,channel,region,label_scam,scam_type,is_victim_initiated,msg_context_id
TXN_2026000000,2026-07-05 00:01:03,U_103236,send_money,182.98,U_100543,DEV_9613_3236,app,rural,0,none,True,
TXN_2026000001,2026-07-05 00:01:55,U_102853,mobile_recharge,652.04,U_102244,DEV_8960_2853,app,urban,0,none,True,
TXN_2026000002,2026-07-05 00:02:03,U_102347,mobile_recharge,652.04,U_101091,DEV_4412_2347,app,urban,0,none,True,
TXN_2026000003,2026-07-05 00:03:22,U_103018,cash_out,446.45,AG_20211,DEV_1557_3018,app,urban,0,none,True,
TXN_2026000004,2026-07-05 00:04:43,U_103302,cash_out,285.67,AG_20212,DEV_8574_3302,app,urban,0,none,True,
TXN_2026000005,2026-07-05 00:05:00,U_102097,mobile_recharge,955.86,U_100850,DEV_9273_2097,app,urban,0,none,True,
TXN_2026000006,2026-07-05 00:07:19,U_102059,payment,542.81,AG_20008,DEV_5402_2059,app,urban,0,none,True,
TXN_2026000007,2026-07-05 00:12:30,U_103893,send_money,658.93,U_101212,DEV_6852_3893,app,urban,0,none,True,
TXN_2026000008,2026-07-05 00:13:10,U_104385,cash_out,282.48,AG_20256,DEV_1795_4385,app,urban,0,none,True,
TXN_2026000009,2026-07-05 00:14:02,U_103243,payment,179.58,AG_20180,DEV_5277_3243,app,urban,0,none,True,
TXN_2026000010,2026-07-05 00:18:56,U_102816,send_money,1040.24,U_103404,DEV_9616_2816,app,rural,0,none,True,
TXN_2026000011,2026-07-05 00:23:05,U_104531,send_money,839.42,U_100570,DEV_4598_4531,app,rural,0,none,True,
TXN_2026000012,2026-07-05 00:25:27,U_103757,cash_out,684.93,AG_20175,DEV_9558_3757,app,urban,0,none,True,
TXN_2026000013,2026-07-05 00:26:11,U_100041,cash_out,385.28,AG_20232,DEV_9592_41,app,urban,0,none,True,
TXN_2026000014,2026-07-05 00:32:49,U_101356,mobile_recharge,1454.93,U_102149,DEV_9459_1356,app,urban,0,none,True,
TXN_2026000015,2026-07-05 00:36:16,U_102641,send_money,1151.12,U_101278,DEV_7024_2641,app,rural,0,none,True,
TXN_2026000016,2026-07-05 00:39:14,U_100680,mobile_recharge,1238.62,U_100541,DEV_5003_680,app,rural,0,none,True,
TXN_2026000017,2026-07-05 00:43:08,U_101876,cash_out,325.42,AG_20212,DEV_6504_1876,app,urban,0,none,True,
TXN_2026000018,2026-07-05 00:43:31,U_102353,mobile_recharge,1690.23,U_102196,DEV_6859_2353,app,rural,0,none,True,
TXN_2026000019,2026-07-05 00:47:10,U_102220,mobile_recharge,1486.78,U_101258,DEV_2260_2220,app,urban,0,none,True,
TXN_2026000020,2026-07-05 00:50:44,U_100261,send_money,1066.45,U_103525,DEV_8266_261,app,rural,0,none,True,
TXN_2026000021,2026-07-05 00:55:55,U_101597,send_money,526.96,U_101521,DEV_3226_1597,app,urban,0,none,True,
TXN_2026000022,2026-07-05 00:57:39,U_101722,cash_out,105.73,AG_20115,DEV_1933_1722,app,urban,0,none,True,
TXN_2026000023,2026-07-05 00:58:13,U_103838,send_money,366.67,U_100879,DEV_3352_3838,app,urban,0,none,True,
TXN_2026000024,2026-07-05 00:58:26,U_104298,payment,440.87,AG_20047,DEV_9895_4298,app,rural,0,none,True,
TXN_2026000025,2026-07-05 00:58:32,U_102910,send_money,465.1,U_100245,DEV_1928_2910,app,rural,0,none,True,
TXN_2026000026,2026-07-05 00:59:38,U_100397,mobile_recharge,427.91,U_104771,DEV_2485_397,app,urban,0,none,True,
TXN_2026000027,2026-07-05 00:59:55,U_101972,mobile_recharge,469.12,U_101481,DEV_3289_1972,app,urban,0,none,True,
TXN_2026000028,2026-07-05 01:02:45,U_104008,cash_out,235.05,AG_20256,DEV_7512_4008,app,rural,0,none,True,
TXN_2026000029,2026-07-05 01:02:50,U_102856,send_money,1036.27,U_101793,DEV_1055_2856,app,urban,0,none,True,
TXN_2026000030,2026-07-05 01:03:13,U_103946,mobile_recharge,721.46,U_100910,DEV_2081_3946,app,urban,0,none,True,
TXN_2026000031,2026-07-05 01:06:36,U_104622,send_money,569.74,U_102539,DEV_2640_4622,app,rural,0,none,True,
TXN_2026000032,2026-07-05 01:09:25,U_103650,mobile_recharge,1156.19,U_101056,DEV_8202_3650,app,urban,0,none,True,
TXN_2026000033,2026-07-05 01:09:38,U_100106,send_money,361.14,U_103899,DEV_2957_106,app,urban,0,none,True,
TXN_2026000034,2026-07-05 01:10:00,U_101933,send_money,329.5,U_104954,DEV_7228_1933,app,rural,0,none,True,
TXN_2026000035,2026-07-05 01:11:30,U_103181,send_money,518.66,U_100155,DEV_9846_3181,app,rural,0,none,True,
TXN_2026000036,2026-07-05 01:11:54,U_101292,send_money,1007.16,U_104961,DEV_2779_1292,app,rural,0,none,True,
TXN_2026000037,2026-07-05 01:11:57,U_102063,send_money,531.44,U_101213,DEV_1697_2063,app,urban,0,none,True,
TXN_2026000038,2026-07-05 01:19:08,U_101069,send_money,767.01,U_100485,DEV_5835_1069,app,urban,0,none,True,
TXN_2026000039,2026-07-05 01:19:10,U_102397,send_money,1562.01,U_101659,DEV_4697_2397,app,urban,0,none,True,
TXN_2026000040,2026-07-05 01:19:49,U_103763,send_money,227.68,U_102974,DEV_8432_3763,app,rural,0,none,True,
TXN_2026000041,2026-07-05 01:20:21,U_103857,send_money,393.01,U_102683,DEV_3748_3857,app,rural,0,none,True,
TXN_2026000042,2026-07-05 01:20:47,U_102104,mobile_recharge,855.69,U_100666,DEV_3664_2104,app,urban,0,none,True,
TXN_2026000043,2026-07-05 01:24:00,U_103766,cash_out,1066.11,AG_20046,DEV_4863_3766,app,rural,0,none,True,
TXN_2026000044,2026-07-05 01:32:30,U_102587,payment,238.07,AG_20010,DEV_8741_2587,app,rural,0,none,True,
TXN_2026000045,2026-07-05 01:33:18,U_103256,send_money,3509.9,FAKE_AGENT_718,DEV_6189_3256,app,rural,1,fake_agent_support,True,MSG_002074
TXN_2026000046,2026-07-05 01:39:01,U_102685,mobile_recharge,3316.91,U_100810,DEV_4373_2685,app,rural,0,none,True,
TXN_2026000047,2026-07-05 01:40:17,U_102599,send_money,1014.54,U_101962,DEV_8541_2599,app,rural,0,none,True,
TXN_2026000048,2026-07-05 01:41:45,U_102818,send_money,8405.81,REFUND_TARGET_208,DEV_6883_2818,app,rural,1,sent_by_mistake_refund,True,MSG_002952
TXN_2026000049,2026-07-05 01:42:25,U_100289,mobile_recharge,1290.87,U_103463,DEV_2081_289,app,rural,0,none,True,
TXN_2026000050,2026-07-05 01:47:03,U_100447,send_money,630.35,U_101739,DEV_5163_447,app,urban,0,none,True,
TXN_2026000051,2026-07-05 01:50:14,U_102104,send_money,741.73,U_104738,DEV_3664_2104,app,urban,0,none,True,
TXN_2026000052,2026-07-05 01:53:51,U_100936,send_money,3506.22,REFUND_TARGET_293,DEV_7833_936,app,urban,1,sent_by_mistake_refund,True,MSG_002896
TXN_2026000053,2026-07-05 01:59:46,U_101694,send_money,1738.13,U_104911,DEV_4810_1694,app,urban,0,none,True,
TXN_2026000054,2026-07-05 01:59:59,U_101600,cash_out,2900.45,AG_20210,DEV_1881_1600,ussd,urban,1,mule_network,True,
TXN_2026000055,2026-07-05 02:07:43,U_100180,mobile_recharge,51.87,U_102404,DEV_6506_180,app,rural,0,none,True,
TXN_2026000056,2026-07-05 02:09:33,U_104351,send_money,680.98,U_102313,DEV_3822_4351,app,urban,0,none,True,
TXN_2026000057,2026-07-05 02:12:07,U_102072,payment,539.83,AG_20241,DEV_9074_2072,app,urban,0,none,True,
TXN_2026000058,2026-07-05 02:16:29,U_100403,cash_out,967.61,AG_20011,DEV_2553_403,app,urban,0,none,True,
TXN_2026000059,2026-07-05 02:20:45,U_101493,send_money,307.61,U_102150,DEV_3253_1493,app,urban,0,none,True,
TXN_2026000060,2026-07-05 02:21:09,U_103202,send_money,656.6,U_102488,DEV_3825_3202,app,urban,0,none,True,
TXN_2026000061,2026-07-05 02:24:44,U_103672,send_money,1935.23,U_100998,DEV_2780_3672,app,rural,0,none,True,
TXN_2026000062,2026-07-05 02:26:43,U_100324,mobile_recharge,257.25,U_102245,DEV_6840_324,app,urban,0,none,True,
TXN_2026000063,2026-07-05 02:27:52,U_101341,cash_out,343.12,AG_20182,DEV_1545_1341,app,rural,0,none,True,
TXN_2026000064,2026-07-05 02:29:07,U_101071,mobile_recharge,1303.29,U_103912,DEV_3439_1071,app,urban,0,none,True,
TXN_2026000065,2026-07-05 02:31:46,U_102006,mobile_recharge,660.51,U_104823,DEV_2665_2006,app,rural,0,none,True,
TXN_2026000066,2026-07-05 02:33:52,U_102985,send_money,927.63,U_102585,DEV_8360_2985,app,urban,0,none,True,
TXN_2026000067,2026-07-05 02:34:38,U_102342,send_money,1542.35,U_104261,DEV_4936_2342,app,rural,0,none,True,
TXN_2026000068,2026-07-05 02:34:56,U_100264,send_money,8609.84,FAKE_AGENT_785,DEV_9449_264,app,urban,1,fake_agent_support,True,MSG_003263
TXN_2026000069,2026-07-05 02:34:57,U_102733,mobile_recharge,515.35,U_103896,DEV_2537_2733,app,urban,0,none,True,
TXN_2026000070,2026-07-05 02:39:26,U_104551,cash_out,199.87,AG_20286,DEV_2830_4551,app,urban,0,none,True,
TXN_2026000071,2026-07-05 02:44:22,U_103804,mobile_recharge,1433.36,U_102356,DEV_7010_3804,app,rural,0,none,True,
TXN_2026000072,2026-07-05 02:55:38,U_104946,send_money,253.45,U_101587,DEV_2452_4946,app,rural,0,none,True,
TXN_2026000073,2026-07-05 03:00:46,U_102006,send_money,600.72,U_100283,DEV_2665_2006,app,rural,0,none,True,
TXN_2026000074,2026-07-05 03:01:58,U_101091,send_money,481.48,U_102039,DEV_1644_1091,app,urban,0,none,True,
TXN_2026000075,2026-07-05 03:02:39,U_104585,send_money,1085.3,FAKE_AGENT_799,DEV_7913_4585,app,rural,1,fake_agent_support,True,MSG_002682
TXN_2026000076,2026-07-05 03:03:20,U_103531,mobile_recharge,1662.6,U_103109,DEV_7036_3531,app,urban,0,none,True,
TXN_2026000077,2026-07-05 03:09:53,U_104495,cash_out,836.27,AG_20010,DEV_3997_4495,app,urban,0,none,True,
TXN_2026000078,2026-07-05 03:13:16,U_104244,cash_out,571.08,AG_20292,DEV_9943_4244,app,urban,0,none,True,
TXN_2026000079,2026-07-05 03:13:20,U_104248,send_money,880.47,U_102761,DEV_9487_4248,app,rural,0,none,True,
TXN_2026000080,2026-07-05 03:14:34,U_102626,send_money,546.84,U_102655,DEV_1826_2626,app,rural,0,none,True,
TXN_2026000081,2026-07-05 03:14:34,U_104553,cash_out,471.94,AG_20003,DEV_8372_4553,app,urban,0,none,True,
TXN_2026000082,2026-07-05 03:18:42,U_101862,payment,671.53,AG_20282,DEV_3282_1862,app,urban,0,none,True,
TXN_2026000083,2026-07-05 03:19:00,U_102019,mobile_recharge,489.65,U_102992,DEV_6244_2019,app,rural,0,none,True,
TXN_2026000084,2026-07-05 03:21:32,U_103965,cash_out,475.34,AG_20110,DEV_6394_3965,app,urban,0,none,True,
TXN_2026000085,2026-07-05 03:30:30,U_102094,send_money,281.58,U_103940,DEV_2650_2094,app,rural,0,none,True,
TXN_2026000086,2026-07-05 03:31:46,U_103649,mobile_recharge,1060.38,U_101281,DEV_9400_3649,app,rural,0,none,True,
TXN_2026000087,2026-07-05 03:35:46,U_101430,payment,185.1,AG_20174,DEV_5406_1430,app,urban,0,none,True,
TXN_2026000088,2026-07-05 03:36:31,U_104880,send_money,427.02,U_104915,DEV_6087_4880,app,urban,0,none,True,
TXN_2026000089,2026-07-05 03:37:36,U_104923,send_money,1118.19,U_103996,DEV_7621_4923,app,urban,0,none,True,
TXN_2026000090,2026-07-05 03:39:09,U_102005,send_money,384.2,U_101252,DEV_4723_2005,app,urban,0,none,True,
TXN_2026000091,2026-07-05 03:42:43,U_103464,cash_out,8356.26,AG_20158,DEV_4853_3464,app,rural,1,mule_network,True,
TXN_2026000092,2026-07-05 03:47:08,U_101043,cash_out,889.24,AG_20142,DEV_5704_1043,app,rural,0,none,True,
TXN_2026000093,2026-07-05 03:50:33,U_104317,send_money,2252.29,MULE_9691,UNSEEN_DEV_525,app,urban,1,otp_pin_theft,False,MSG_004552
TXN_2026000094,2026-07-05 03:52:00,U_104443,send_money,1309.16,U_103796,DEV_4885_4443,app,urban,0,none,True,
TXN_2026000095,2026-07-05 03:56:46,U_104415,cash_out,623.25,AG_20225,DEV_7983_4415,app,rural,0,none,True,
TXN_2026000096,2026-07-05 03:59:40,U_103221,cash_out,525.03,AG_20023,DEV_6573_3221,app,rural,0,none,True,
TXN_2026000097,2026-07-05 04:01:13,U_103398,send_money,1204.5,U_102303,DEV_6918_3398,app,rural,0,none,True,
TXN_2026000098,2026-07-05 04:01:34,U_103854,cash_out,1023.19,AG_20208,DEV_6767_3854,app,urban,0,none,True,
TXN_2026000099,2026-07-05 04:03:06,U_104657,send_money,629.0,U_101436,DEV_3155_4657,app,urban,0,none,True,
TXN_2026000100,2026-07-05 04:04:59,U_103844,send_money,605.33,U_100436,DEV_1655_3844,app,rural,0,none,True,
TXN_2026000101,2026-07-05 04:06:55,U_104132,send_money,547.19,U_101023,DEV_4886_4132,app,urban,0,none,True,
TXN_2026000102,2026-07-05 04:06:59,U_104876,cash_out,1041.86,AG_20015,DEV_5138_4876,app,rural,0,none,True,
TXN_2026000103,2026-07-05 04:07:35,U_101016,cash_out,526.26,AG_20018,DEV_1629_1016,app,urban,0,none,True,
TXN_2026000104,2026-07-05 04:11:21,U_101335,payment,106.6,AG_20024,DEV_8089_1335,app,urban,0,none,True,
TXN_2026000105,2026-07-05 04:11:48,U_100103,send_money,719.28,U_101456,DEV_3828_103,app,rural,0,none,True,
TXN_2026000106,2026-07-05 04:12:46,U_104978,mobile_recharge,1193.45,U_100599,DEV_2093_4978,app,urban,0,none,True,
TXN_2026000107,2026-07-05 04:16:01,U_103173,cash_out,581.55,AG_20165,DEV_2510_3173,app,urban,0,none,True,
TXN_2026000108,2026-07-05 04:20:07,U_102795,send_money,677.63,U_102054,DEV_8794_2795,app,rural,0,none,True,
TXN_2026000109,2026-07-05 04:24:16,U_102165,mobile_recharge,1442.25,U_103136,DEV_7693_2165,app,urban,0,none,True,
TXN_2026000110,2026-07-05 04:24:40,U_100966,send_money,3935.88,FAKE_AGENT_793,DEV_1911_966,app,rural,1,fake_agent_support,True,MSG_003782
TXN_2026000111,2026-07-05 04:25:20,U_103795,send_money,622.86,U_104306,DEV_3868_3795,app,rural,0,none,True,
TXN_2026000112,2026-07-05 04:25:41,U_102961,send_money,347.65,U_101790,DEV_2217_2961,app,urban,0,none,True,
TXN_2026000113,2026-07-05 04:26:00,U_104802,payment,1303.0,PRIZE_SYNDICATE_29,DEV_9320_4802,app,rural,1,fake_prize_fee,True,MSG_004088
TXN_2026000114,2026-07-05 04:31:21,U_100631,mobile_recharge,590.98,U_103806,DEV_6720_631,app,urban,0,none,True,
TXN_2026000115,2026-07-05 04:32:50,U_102479,mobile_recharge,387.96,U_100686,DEV_7925_2479,app,rural,0,none,True,
TXN_2026000116,2026-07-05 04:33:49,U_101764,mobile_recharge,1420.18,U_102905,DEV_7062_1764,app,urban,0,none,True,
TXN_2026000117,2026-07-05 04:34:40,U_101213,send_money,349.84,U_101080,DEV_3130_1213,app,rural,0,none,True,
TXN_2026000118,2026-07-05 04:39:22,U_101957,send_money,1425.41,FAKE_AGENT_724,DEV_5448_1957,app,rural,1,fake_agent_support,True,MSG_001474
TXN_2026000119,2026-07-05 04:39:30,U_103188,send_money,6989.04,FAKE_AGENT_603,DEV_2773_3188,app,rural,1,fake_agent_support,True,MSG_002356
TXN_2026000120,2026-07-05 04:40:26,U_102190,cash_out,552.98,AG_20290,DEV_6516_2190,app,urban,0,none,True,
TXN_2026000121,2026-07-05 04:43:33,U_100072,send_money,419.96,U_101718,DEV_5250_72,app,urban,0,none,True,
TXN_2026000122,2026-07-05 04:45:29,U_103481,send_money,1153.26,U_103097,DEV_2927_3481,app,urban,0,none,True,
TXN_2026000123,2026-07-05 04:46:18,U_101873,payment,500.76,PRIZE_SYNDICATE_96,DEV_6755_1873,app,urban,1,fake_prize_fee,True,MSG_000339
TXN_2026000124,2026-07-05 04:46:34,U_101402,send_money,1463.16,U_101154,DEV_8239_1402,app,urban,0,none,True,
TXN_2026000125,2026-07-05 04:49:47,U_101931,mobile_recharge,672.54,U_104942,DEV_5570_1931,app,rural,0,none,True,
TXN_2026000126,2026-07-05 04:50:10,U_102215,send_money,354.96,U_100347,DEV_4411_2215,app,urban,0,none,True,
TXN_2026000127,2026-07-05 04:50:26,U_101066,mobile_recharge,318.8,U_101457,DEV_2051_1066,app,urban,0,none,True,
TXN_2026000128,2026-07-05 04:50:50,U_101477,send_money,11115.9,MULE_9636,UNSEEN_DEV_738,app,urban,1,otp_pin_theft,False,MSG_000445
TXN_2026000129,2026-07-05 04:51:29,U_101349,send_money,977.59,U_101949,DEV_2981_1349,app,rural,0,none,True,
TXN_2026000130,2026-07-05 04:54:43,U_102088,mobile_recharge,772.7,U_103659,DEV_6259_2088,app,urban,0,none,True,
TXN_2026000131,2026-07-05 04:58:11,U_100837,mobile_recharge,2132.25,U_101602,DEV_3654_837,app,urban,0,none,True,
TXN_2026000132,2026-07-05 05:02:45,U_100994,mobile_recharge,255.41,U_100136,DEV_1842_994,app,rural,0,none,True,
TXN_2026000133,2026-07-05 05:03:52,U_102976,cash_out,1399.62,AG_20269,DEV_4490_2976,app,rural,0,none,True,
TXN_2026000134,2026-07-05 05:05:05,U_104005,send_money,10671.89,REFUND_TARGET_237,DEV_6536_4005,app,rural,1,sent_by_mistake_refund,True,MSG_002476
TXN_2026000135,2026-07-05 05:05:29,U_101139,payment,967.69,AG_20191,DEV_3239_1139,app,urban,0,none,True,
TXN_2026000136,2026-07-05 05:05:50,U_102846,send_money,2742.01,U_101139,DEV_1291_2846,app,urban,0,none,True,
TXN_2026000137,2026-07-05 05:06:45,U_100369,send_money,786.08,U_101965,DEV_8293_369,app,urban,0,none,True,
TXN_2026000138,2026-07-05 05:07:02,U_104562,cash_out,1312.05,AG_20286,DEV_7321_4562,app,urban,0,none,True,
TXN_2026000139,2026-07-05 05:07:05,U_103944,send_money,1349.57,U_104600,DEV_9436_3944,app,rural,0,none,True,
TXN_2026000140,2026-07-05 05:07:31,U_103367,send_money,1655.14,U_104310,DEV_8921_3367,app,rural,0,none,True,
TXN_2026000141,2026-07-05 05:15:10,U_104063,cash_out,1286.43,AG_20099,DEV_3272_4063,app,rural,0,none,True,
TXN_2026000142,2026-07-05 05:17:44,U_101119,send_money,2420.64,U_103882,DEV_4580_1119,app,urban,0,none,True,
TXN_2026000143,2026-07-05 05:19:29,U_100886,mobile_recharge,548.94,U_103417,DEV_4045_886,app,urban,0,none,True,
TXN_2026000144,2026-07-05 05:21:25,U_100988,cash_out,2639.6,AG_20015,DEV_3905_988,app,rural,0,none,True,
TXN_2026000145,2026-07-05 05:22:35,U_102111,send_money,225.48,U_100117,DEV_7934_2111,app,rural,0,none,True,
TXN_2026000146,2026-07-05 05:24:13,U_102967,send_money,3398.2,U_104813,DEV_1613_2967,app,rural,0,none,True,
TXN_2026000147,2026-07-05 05:25:45,U_103568,send_money,291.45,U_100654,DEV_4734_3568,app,rural,0,none,True,
TXN_2026000148,2026-07-05 05:26:06,U_100556,send_money,769.15,U_104514,DEV_9361_556,app,urban,0,none,True,
TXN_2026000149,2026-07-05 05:26:31,U_104992,cash_out,1242.57,AG_20014,DEV_6557_4992,app,urban,0,none,True,
TXN_2026000150,2026-07-05 05:28:22,U_103706,send_money,640.8,U_103814,DEV_8912_3706,app,urban,0,none,True,
TXN_2026000151,2026-07-05 05:29:25,U_101853,send_money,617.6,U_100305,DEV_6034_1853,app,urban,0,none,True,
TXN_2026000152,2026-07-05 05:29:27,U_100127,mobile_recharge,448.45,U_104302,DEV_5252_127,app,urban,0,none,True,
TXN_2026000153,2026-07-05 05:31:25,U_103392,cash_out,1154.97,AG_20278,DEV_6121_3392,app,urban,0,none,True,
TXN_2026000154,2026-07-05 05:33:18,U_101309,send_money,1881.29,MULE_9373,UNSEEN_DEV_788,app,rural,1,otp_pin_theft,False,MSG_004187
TXN_2026000155,2026-07-05 05:33:31,U_101724,mobile_recharge,1614.41,U_101238,DEV_2286_1724,app,urban,0,none,True,
TXN_2026000156,2026-07-05 05:37:52,U_101723,payment,953.57,AG_20213,DEV_7455_1723,app,urban,0,none,True,
TXN_2026000157,2026-07-05 05:38:31,U_104372,cash_out,1133.46,AG_20262,DEV_4295_4372,app,rural,0,none,True,
TXN_2026000158,2026-07-05 05:41:36,U_100233,cash_out,1060.88,AG_20283,DEV_9237_233,app,urban,0,none,True,
TXN_2026000159,2026-07-05 05:46:27,U_104805,payment,3874.62,AG_20160,DEV_4119_4805,app,rural,0,none,True,
TXN_2026000160,2026-07-05 05:46:50,U_101797,send_money,1965.31,U_102913,DEV_1975_1797,app,urban,0,none,True,
TXN_2026000161,2026-07-05 05:47:22,U_100866,send_money,593.39,U_101012,DEV_3960_866,app,rural,0,none,True,
TXN_2026000162,2026-07-05 05:48:23,U_102255,send_money,315.93,U_101333,DEV_8214_2255,app,urban,0,none,True,
TXN_2026000163,2026-07-05 05:48:31,U_101945,send_money,725.73,U_100285,DEV_2248_1945,app,rural,0,none,True,
TXN_2026000164,2026-07-05 05:48:31,U_100423,mobile_recharge,273.23,U_103941,DEV_9962_423,app,urban,0,none,True,
TXN_2026000165,2026-07-05 05:50:09,U_102720,send_money,1158.25,U_104520,DEV_2265_2720,app,urban,0,none,True,
TXN_2026000166,2026-07-05 05:53:12,U_102450,cash_out,1128.84,AG_20101,DEV_9356_2450,app,urban,0,none,True,
TXN_2026000167,2026-07-05 05:55:40,U_100331,cash_out,880.2,AG_20218,DEV_8574_331,app,rural,0,none,True,
TXN_2026000168,2026-07-05 05:58:15,U_103116,send_money,7815.48,REFUND_TARGET_493,DEV_2628_3116,app,rural,1,sent_by_mistake_refund,True,MSG_001397
TXN_2026000169,2026-07-05 06:01:11,U_103337,payment,406.19,AG_20004,DEV_4153_3337,app,urban,0,none,True,
TXN_2026000170,2026-07-05 06:01:50,U_104825,send_money,2303.42,U_102800,DEV_9687_4825,app,urban,0,none,True,
TXN_2026000171,2026-07-05 06:03:35,U_104621,cash_out,734.77,AG_20158,DEV_8766_4621,app,rural,0,none,True,
TXN_2026000172,2026-07-05 06:10:34,U_101801,send_money,1791.57,U_104654,DEV_7505_1801,app,rural,0,none,True,
TXN_2026000173,2026-07-05 06:11:43,U_100922,send_money,449.48,U_102713,DEV_2684_922,app,rural,0,none,True,
TXN_2026000174,2026-07-05 06:14:57,U_100795,send_money,317.73,U_102217,DEV_6264_795,app,rural,0,none,True,
TXN_2026000175,2026-07-05 06:16:06,U_101103,payment,923.19,PRIZE_SYNDICATE_73,DEV_6104_1103,app,rural,1,fake_prize_fee,True,MSG_000386
TXN_2026000176,2026-07-05 06:18:06,U_100088,cash_out,391.46,AG_20175,DEV_7023_88,app,rural,0,none,True,
TXN_2026000177,2026-07-05 06:19:59,U_100874,send_money,664.14,U_103271,DEV_9096_874,app,urban,0,none,True,
TXN_2026000178,2026-07-05 06:21:25,U_101855,cash_out,1136.06,AG_20296,DEV_3167_1855,app,urban,0,none,True,
TXN_2026000179,2026-07-05 06:25:43,U_104498,send_money,417.3,U_103316,DEV_2591_4498,app,rural,0,none,True,
TXN_2026000180,2026-07-05 06:25:50,U_100803,payment,885.31,AG_20171,DEV_2423_803,app,rural,0,none,True,
TXN_2026000181,2026-07-05 06:26:02,U_102297,mobile_recharge,693.02,U_101212,DEV_3928_2297,app,urban,0,none,True,
TXN_2026000182,2026-07-05 06:26:49,U_101579,send_money,630.47,U_101900,DEV_6294_1579,app,rural,0,none,True,
TXN_2026000183,2026-07-05 06:27:54,U_103342,send_money,1052.07,U_102526,DEV_1959_3342,app,rural,0,none,True,
TXN_2026000184,2026-07-05 06:32:28,U_103834,payment,435.41,AG_20153,DEV_5566_3834,app,urban,0,none,True,
TXN_2026000185,2026-07-05 06:40:07,U_104282,cash_out,1472.28,AG_20172,DEV_7020_4282,app,urban,0,none,True,
TXN_2026000186,2026-07-05 06:40:25,U_100185,mobile_recharge,139.2,U_101443,DEV_8729_185,app,rural,0,none,True,
TXN_2026000187,2026-07-05 06:41:15,U_100232,send_money,151.79,U_104582,DEV_1769_232,app,urban,0,none,True,
TXN_2026000188,2026-07-05 06:43:31,U_101152,cash_out,466.87,AG_20134,DEV_1733_1152,app,urban,0,none,True,
TXN_2026000189,2026-07-05 06:46:31,U_103105,send_money,860.04,U_101107,DEV_5805_3105,app,urban,0,none,True,
TXN_2026000190,2026-07-05 06:48:59,U_103343,send_money,281.39,U_103300,DEV_4071_3343,app,urban,0,none,True,
TXN_2026000191,2026-07-05 06:50:08,U_104621,payment,409.56,PRIZE_SYNDICATE_24,DEV_8766_4621,app,rural,1,fake_prize_fee,True,MSG_001070
TXN_2026000192,2026-07-05 06:52:04,U_103903,send_money,750.22,U_100515,DEV_8863_3903,app,urban,0,none,True,
TXN_2026000193,2026-07-05 06:52:46,U_100109,mobile_recharge,417.4,U_103701,DEV_9815_109,app,rural,0,none,True,
TXN_2026000194,2026-07-05 06:53:54,U_102452,mobile_recharge,928.66,U_101248,DEV_6729_2452,app,urban,0,none,True,
TXN_2026000195,2026-07-05 06:54:18,U_102286,send_money,612.98,U_103756,DEV_9638_2286,app,rural,0,none,True,
TXN_2026000196,2026-07-05 06:55:36,U_104509,send_money,1346.62,U_102714,DEV_3990_4509,app,urban,0,none,True,
TXN_2026000197,2026-07-05 06:57:48,U_102387,send_money,2203.9,U_102121,DEV_9100_2387,app,urban,0,none,True,
TXN_2026000198,2026-07-05 07:01:13,U_102505,send_money,1445.95,U_104210,DEV_8577_2505,app,rural,0,none,True,
TXN_2026000199,2026-07-05 07:01:52,U_102886,mobile_recharge,1098.16,U_102733,DEV_3799_2886,app,urban,0,none,True,
