user_id,age_group,region,tenure_days,vulnerability_score,has_trusted_contact,typical_amount,primary_device_id
U_100000,41-60,rural,1054,0.614,True,481.2,DEV_6518_0
U_100001,26-40,rural,83,0.47,True,598.18,DEV_1904_1
U_100002,41-60,rural,483,0.639,True,702.38,DEV_6286_2
U_100003,26-40,urban,555,0.231,False,956.11,DEV_3841_3
U_100004,18-25,urban,959,0.285,True,1272.21,DEV_1241_4
U_100005,60+,rural,163,0.908,False,557.46,DEV_1652_5
U_100006,41-60,urban,526,0.364,False,505.88,DEV_6321_6
U_100007,41-60,rural,191,0.647,False,864.88,DEV_9502_7
U_100008,18-25,urban,947,0.34,True,959.59,DEV_5549_8
U_100009,26-40,urban,762,0.242,False,512.59,DEV_5006_9
U_100010,26-40,urban,601,0.183,True,1068.74,DEV_1797_10
U_100011,60+,rural,477,0.767,True,1197.21,DEV_7077_11
U_100012,26-40,urban,192,0.171,True,1443.77,DEV_1499_12
U_100013,41-60,urban,1107,0.359,False,1933.32,DEV_8569_13
U_100014,26-40,urban,780,0.162,True,395.5,DEV_8346_14
U_100015,18-25,urban,389,0.257,False,670.71,DEV_9918_15
U_100016,26-40,urban,502,0.249,True,669.66,DEV_3558_16
U_100017,18-25,rural,874,0.457,False,627.13,DEV_2455_17
U_100018,41-60,urban,866,0.363,True,450.54,DEV_3695_18
U_100019,26-40,rural,558,0.433,True,272.78,DEV_8194_19
U_100020,41-60,rural,370,0.608,False,703.18,DEV_2969_20
U_100021,26-40,urban,795,0.227,True,419.47,DEV_8985_21
U_100022,60+,urban,793,0.613,True,700.36,DEV_2387_22
U_100023,41-60,rural,723,0.638,True,413.05,DEV_1439_23
U_100024,41-60,urban,96,0.514,True,343.85,DEV_2973_24
U_100025,18-25,urban,572,0.302,True,765.54,DEV_7786_25
U_100026,26-40,rural,740,0.421,True,728.18,DEV_6419_26
U_100027,18-25,rural,1140,0.495,True,941.59,DEV_4192_27
U_100028,18-25,rural,635,0.485,False,2468.88,DEV_6903_28
U_100029,26-40,urban,417,0.197,True,785.54,DEV_6836_29
U_100030,41-60,rural,671,0.567,True,889.85,DEV_5991_30
U_100031,60+,rural,220,0.83,True,348.44,DEV_5625_31
U_100032,26-40,urban,117,0.276,True,307.31,DEV_1913_32
U_100033,26-40,rural,816,0.365,False,1719.34,DEV_3337_33
U_100034,26-40,urban,1183,0.175,False,382.19,DEV_5748_34
U_100035,18-25,urban,1016,0.334,False,355.54,DEV_2216_35
U_100036,18-25,urban,704,0.283,True,649.72,DEV_5282_36
U_100037,26-40,urban,57,0.419,True,630.1,DEV_2052_37
U_100038,18-25,urban,1185,0.336,True,387.03,DEV_8084_38
U_100039,26-40,rural,545,0.358,True,553.92,DEV_1929_39
U_100040,26-40,rural,354,0.427,True,1390.79,DEV_1832_40
U_100041,41-60,rural,1072,0.581,False,410.1,DEV_6739_41
U_100042,41-60,rural,898,0.572,True,288.24,DEV_2984_42
U_100043,26-40,rural,902,0.419,True,1170.93,DEV_4162_43
U_100044,41-60,urban,340,0.441,True,893.71,DEV_3828_44
U_100045,41-60,urban,1190,0.38,True,458.38,DEV_2949_45
U_100046,26-40,urban,548,0.207,True,257.42,DEV_7855_46
U_100047,26-40,urban,642,0.179,True,425.48,DEV_7226_47
U_100048,26-40,rural,903,0.405,False,643.66,DEV_3148_48
U_100049,18-25,urban,795,0.312,True,1338.63,DEV_7180_49
U_100050,18-25,urban,215,0.311,True,357.11,DEV_7420_50
U_100051,18-25,urban,369,0.312,True,632.25,DEV_5851_51
U_100052,41-60,urban,439,0.364,False,997.34,DEV_6204_52
U_100053,26-40,rural,1137,0.419,True,159.37,DEV_9413_53
U_100054,41-60,urban,860,0.417,False,1236.79,DEV_5084_54
U_100055,41-60,urban,445,0.418,False,327.19,DEV_4468_55
U_100056,26-40,urban,884,0.157,True,811.75,DEV_5850_56
U_100057,26-40,urban,888,0.195,False,771.25,DEV_8521_57
U_100058,18-25,rural,479,0.491,True,1275.06,DEV_7385_58
U_100059,18-25,urban,489,0.259,False,925.7,DEV_1676_59
U_100060,26-40,urban,1074,0.172,True,159.75,DEV_5133_60
U_100061,26-40,urban,678,0.194,False,415.35,DEV_7657_61
U_100062,26-40,rural,187,0.424,True,722.65,DEV_3015_62
U_100063,41-60,rural,866,0.574,True,591.71,DEV_9895_63
U_100064,26-40,rural,711,0.433,True,885.87,DEV_8272_64
U_100065,26-40,rural,615,0.405,False,1068.08,DEV_8618_65
U_100066,26-40,rural,872,0.426,True,958.21,DEV_1735_66
U_100067,26-40,urban,1089,0.197,True,584.9,DEV_6216_67
U_100068,18-25,urban,403,0.3,False,219.69,DEV_5749_68
U_100069,26-40,urban,508,0.212,False,506.09,DEV_6640_69
U_100070,18-25,urban,235,0.343,True,853.91,DEV_8651_70
U_100071,26-40,rural,780,0.399,True,345.76,DEV_4179_71
U_100072,41-60,urban,489,0.403,True,971.43,DEV_5805_72
U_100073,18-25,rural,417,0.51,False,1147.15,DEV_7114_73
U_100074,18-25,rural,838,0.524,True,717.75,DEV_7777_74
U_100075,26-40,urban,495,0.157,False,105.82,DEV_7932_75
U_100076,26-40,rural,562,0.402,True,308.94,DEV_4032_76
U_100077,26-40,rural,533,0.398,True,2062.58,DEV_9983_77
U_100078,26-40,rural,317,0.442,True,479.18,DEV_1086_78
U_100079,41-60,urban,159,0.499,True,202.25,DEV_5431_79
U_100080,26-40,urban,994,0.197,False,1395.7,DEV_6478_80
U_100081,26-40,urban,119,0.346,True,670.49,DEV_1551_81
U_100082,41-60,urban,396,0.395,True,1290.73,DEV_5059_82
U_100083,18-25,urban,804,0.268,False,785.39,DEV_6362_83
U_100084,18-25,rural,166,0.572,False,875.8,DEV_6467_84
U_100085,18-25,rural,790,0.46,False,827.0,DEV_2071_85
U_100086,41-60,urban,882,0.35,True,1010.8,DEV_3497_86
U_100087,26-40,urban,798,0.193,True,2608.31,DEV_3202_87
U_100088,18-25,urban,372,0.327,False,1191.07,DEV_6758_88
U_100089,26-40,urban,33,0.423,True,257.7,DEV_3958_89
U_100090,18-25,rural,1065,0.453,True,869.57,DEV_6142_90
U_100091,26-40,urban,398,0.207,False,1319.34,DEV_7578_91
U_100092,26-40,urban,967,0.165,True,1368.71,DEV_8174_92
U_100093,26-40,rural,245,0.444,True,514.93,DEV_2654_93
U_100094,26-40,urban,203,0.167,False,1338.05,DEV_9130_94
U_100095,26-40,urban,936,0.213,False,1160.55,DEV_2491_95
U_100096,26-40,rural,1128,0.383,True,3113.52,DEV_1196_96
U_100097,18-25,rural,1034,0.514,True,424.11,DEV_1404_97
U_100098,18-25,rural,903,0.491,True,490.57,DEV_2809_98
U_100099,60+,rural,303,0.826,True,553.54,DEV_8858_99
U_100100,60+,urban,1096,0.573,False,495.65,DEV_2870_100
U_100101,26-40,rural,804,0.441,False,389.94,DEV_7240_101
U_100102,18-25,rural,214,0.5,True,126.77,DEV_4766_102
U_100103,60+,rural,163,0.926,True,512.44,DEV_1359_103
U_100104,41-60,rural,1046,0.635,False,830.16,DEV_4996_104
U_100105,41-60,rural,337,0.65,True,494.76,DEV_1254_105
U_100106,26-40,rural,921,0.372,True,2124.37,DEV_5285_106
U_100107,18-25,urban,174,0.379,True,670.5,DEV_6027_107
U_100108,18-25,rural,343,0.475,False,1443.2,DEV_5691_108
U_100109,60+,urban,347,0.576,True,778.1,DEV_3542_109
U_100110,26-40,rural,344,0.408,False,1092.09,DEV_7898_110
U_100111,18-25,rural,812,0.549,True,786.46,DEV_6369_111
U_100112,26-40,rural,1098,0.449,False,1512.12,DEV_3292_112
U_100113,26-40,rural,1093,0.403,True,687.85,DEV_4911_113
U_100114,18-25,urban,892,0.314,True,895.76,DEV_1976_114
U_100115,41-60,rural,251,0.636,True,828.65,DEV_9308_115
U_100116,41-60,rural,1153,0.643,True,559.49,DEV_7776_116
U_100117,41-60,urban,655,0.37,True,848.09,DEV_3589_117
U_100118,26-40,urban,659,0.203,True,2541.81,DEV_7073_118
U_100119,26-40,urban,844,0.233,True,565.53,DEV_7111_119
U_100120,26-40,rural,925,0.38,True,855.49,DEV_6486_120
U_100121,26-40,urban,1143,0.194,False,1414.69,DEV_1486_121
U_100122,18-25,rural,703,0.549,True,1318.37,DEV_8905_122
U_100123,26-40,urban,735,0.249,False,669.83,DEV_9601_123
U_100124,18-25,rural,897,0.541,False,159.17,DEV_9766_124
U_100125,26-40,urban,313,0.23,True,906.89,DEV_9825_125
U_100126,26-40,rural,376,0.377,False,175.62,DEV_9358_126
U_100127,18-25,urban,754,0.282,False,1606.74,DEV_7650_127
U_100128,18-25,rural,86,0.605,False,736.33,DEV_1511_128
U_100129,26-40,rural,391,0.406,True,1211.73,DEV_5186_129
U_100130,18-25,rural,864,0.501,True,387.12,DEV_3206_130
U_100131,60+,rural,1171,0.814,True,262.04,DEV_2979_131
U_100132,26-40,urban,628,0.191,True,777.79,DEV_8474_132
U_100133,26-40,urban,485,0.225,False,651.87,DEV_8311_133
U_100134,26-40,urban,534,0.183,False,495.26,DEV_5698_134
U_100135,18-25,urban,825,0.283,True,699.8,DEV_7626_135
U_100136,60+,rural,657,0.763,False,3499.8,DEV_2164_136
U_100137,26-40,rural,37,0.569,True,1097.42,DEV_2997_137
U_100138,41-60,rural,651,0.635,False,1248.5,DEV_8743_138
U_100139,18-25,rural,486,0.495,True,1103.63,DEV_5060_139
U_100140,26-40,rural,843,0.373,False,1615.95,DEV_5919_140
U_100141,26-40,rural,1051,0.426,False,593.45,DEV_5164_141
U_100142,60+,urban,1155,0.605,True,193.86,DEV_2819_142
U_100143,26-40,urban,736,0.152,True,593.98,DEV_8436_143
U_100144,26-40,rural,441,0.382,False,1082.51,DEV_7823_144
U_100145,18-25,rural,538,0.468,True,371.71,DEV_7153_145
U_100146,26-40,urban,219,0.216,True,598.35,DEV_4178_146
U_100147,26-40,urban,1123,0.178,False,439.19,DEV_6787_147
U_100148,26-40,rural,1018,0.356,True,1637.98,DEV_9578_148
U_100149,18-25,urban,1026,0.255,True,1042.81,DEV_6847_149
U_100150,41-60,urban,400,0.408,True,983.31,DEV_5447_150
U_100151,41-60,rural,393,0.552,True,965.8,DEV_3433_151
U_100152,18-25,rural,1029,0.535,False,650.44,DEV_5704_152
U_100153,26-40,urban,658,0.166,True,748.85,DEV_4345_153
U_100154,18-25,rural,848,0.511,True,326.65,DEV_6500_154
U_100155,26-40,urban,592,0.194,True,179.13,DEV_1410_155
U_100156,26-40,rural,536,0.394,False,727.82,DEV_2711_156
U_100157,26-40,urban,762,0.157,True,807.86,DEV_8081_157
U_100158,41-60,rural,977,0.63,False,1374.11,DEV_4426_158
U_100159,41-60,urban,407,0.439,False,1707.53,DEV_4896_159
U_100160,18-25,urban,972,0.251,False,1706.16,DEV_5894_160
U_100161,60+,rural,300,0.768,False,365.47,DEV_4943_161
U_100162,18-25,urban,489,0.34,False,538.42,DEV_7826_162
U_100163,18-25,urban,1096,0.305,False,887.32,DEV_3207_163
U_100164,26-40,urban,1145,0.165,True,3038.57,DEV_7825_164
U_100165,26-40,rural,1109,0.37,False,1616.57,DEV_2884_165
U_100166,41-60,rural,386,0.616,True,1301.98,DEV_4334_166
U_100167,41-60,rural,1013,0.622,True,527.07,DEV_6289_167
U_100168,26-40,urban,1123,0.21,False,391.54,DEV_8972_168
U_100169,60+,urban,1174,0.645,False,1067.79,DEV_3092_169
U_100170,26-40,urban,34,0.399,False,343.64,DEV_6285_170
U_100171,26-40,rural,896,0.38,True,576.48,DEV_1577_171
U_100172,18-25,rural,1196,0.498,True,620.88,DEV_1678_172
U_100173,60+,rural,919,0.786,True,1729.78,DEV_7906_173
U_100174,18-25,rural,287,0.472,True,537.64,DEV_7469_174
U_100175,18-25,urban,917,0.255,True,153.92,DEV_4387_175
U_100176,26-40,rural,135,0.485,True,900.24,DEV_6606_176
U_100177,60+,urban,581,0.621,True,437.29,DEV_4421_177
U_100178,41-60,urban,755,0.352,False,682.37,DEV_3494_178
U_100179,41-60,urban,553,0.394,True,631.42,DEV_4881_179
U_100180,41-60,urban,842,0.414,False,564.41,DEV_3806_180
U_100181,41-60,urban,295,0.411,False,1068.71,DEV_8334_181
U_100182,26-40,urban,731,0.228,True,265.15,DEV_4704_182
U_100183,26-40,urban,777,0.231,True,487.74,DEV_3887_183
U_100184,41-60,rural,764,0.621,True,1002.67,DEV_5824_184
U_100185,26-40,urban,354,0.16,False,460.15,DEV_7821_185
U_100186,26-40,urban,373,0.198,True,253.34,DEV_3462_186
U_100187,18-25,rural,316,0.51,True,993.4,DEV_9454_187
U_100188,41-60,rural,559,0.575,False,1304.87,DEV_5171_188
U_100189,18-25,urban,707,0.254,False,647.42,DEV_6947_189
U_100190,60+,urban,441,0.572,True,205.1,DEV_9614_190
U_100191,18-25,rural,497,0.495,True,1015.95,DEV_4884_191
U_100192,18-25,urban,350,0.291,True,245.69,DEV_2798_192
U_100193,41-60,urban,270,0.368,True,800.53,DEV_7729_193
U_100194,18-25,rural,792,0.532,True,390.54,DEV_1059_194
U_100195,18-25,urban,981,0.343,True,331.66,DEV_5120_195
U_100196,26-40,rural,355,0.37,False,510.23,DEV_9818_196
U_100197,41-60,rural,1034,0.643,True,595.87,DEV_4729_197
U_100198,18-25,rural,689,0.452,False,451.91,DEV_7156_198
U_100199,26-40,urban,209,0.242,True,946.93,DEV_5727_199
